{
    "AutoRestart": true,
    "Blacklist": [],
    "CommandPrefix": "!",
    "ConfirmationsLimiterDelay": 10,
    "ConnectionTimeout": 90,
    "CurrentCulture": null,
    "Debug": false,
    "FarmingDelay": 15,
    "FilterBadBots": true,
    "GiftsLimiterDelay": 1,
    "Headless": false,
    "IdleFarmingPeriod": 8,
    "InventoryLimiterDelay": 4,
    "IPC": true,
    "IPCPassword": FlameSD,
    "IPCPasswordFormat": 0,
    "LicenseID": null,
    "LoginLimiterDelay": 10,
    "MaxFarmingTime": 10,
    "MaxTradeHoldDuration": 15,
    "MinFarmingDelayAfterBlock": 60,
    "OptimizationMode": 0,
    "SteamMessagePrefix": "/me ",
    "SteamOwnerID": 0,
    "SteamProtocols": 7,
    "UpdateChannel": 1,
    "UpdatePeriod": 24,
    "WebLimiterDelay": 300,
    "WebProxy": null,
    "WebProxyPassword": null,
    "WebProxyUsername": null
}